Model,Accuracy (%),MAE,RMSE,MAPE,sMAPE
Centralized LSTM,84.67079509338153,0.4817652669801877,0.6719662285544945,76.41674590319427,64.95162966125922
Centralized TCN,84.66315211798067,0.5312497415991927,0.6940470914524117,104.32173743054561,66.93360548330527
Federated LSTM (IID),86.00604315729939,0.43880012229084964,0.6101545579031439,70.45556293487549,55.95473243713379
Federated TCN (IID),91.24650196714956,0.3340216279029846,0.4785008953707937,43.129512786865234,34.868560791015625
Federated TCN (Non-IID),90.29979844203909,0.39261648058891296,0.5302514621403314,58.83940887451172,40.59280014038086
