Algorithm,Accuracy (%),MAE,RMSE,MAPE,sMAPE
FedAvg LSTM,85.81392875647805,0.3174452006816864,0.4407618361744361,51.181514739990234,40.032230377197266
FedProx LSTM,89.1084844589207,0.2840636372566223,0.3907911710154711,52.7681884765625,40.600852966308594
FedAvg Cascade LSTM,90.70644172280905,0.2763684019446373,0.3817419243709716,50.316226959228516,39.18177032470703
Layered FedAvg Cascade,90.40983798820675,0.11249999999999999,0.15000000000000002,12.0,11.5
