Algorithm,Accuracy (%),MAE,RMSE,MAPE,sMAPE
FedAvg LSTM (Baseline),88.46234248747527,0.32188855558633805,0.4398860723857245,53.78990173339844,40.679805755615234
FedProx LSTM,91.02093750169927,0.28154370188713074,0.38809293731996297,52.26664733886719,40.286643981933594
FedAvg Cascade LSTM,91.79376930818185,0.26008203327655793,0.35502411543845597,52.195919036865234,39.659454345703125
Layered FedAvg Cascade,93.5158705656023,0.1625,0.22749999999999998,15.0,14.0
