Algorithm,Accuracy (%),MAE,RMSE,MAPE,sMAPE
FedAvg LSTM (Baseline),88.52455058243228,0.3217052787542343,0.4404649102956041,53.452003479003906,40.690025329589844
FedProx LSTM,89.33310189243322,0.2808740884065628,0.3895009701111358,51.42998123168945,40.399147033691406
FedAvg Cascade LSTM,90.87059026372471,0.25676501393318174,0.3548325699893115,50.73374557495117,38.94430160522461
Layered FedAvg Cascade,92.43277671053204,0.1625,0.22749999999999998,15.0,14.0
