Accuracy (%),MAE,RMSE,MAPE,sMAPE
90.39311516637143,0.3848741948604584,0.525150400144484,58.38387680053711,39.70161819458008
